{
  "best_metric": null,
  "best_model_checkpoint": null,
  "epoch": 7.174887892376682,
  "eval_steps": 400,
  "global_step": 1600,
  "is_hyper_param_search": false,
  "is_local_process_zero": true,
  "is_world_process_zero": true,
  "log_history": [
    {
      "epoch": 2.242152466367713,
      "grad_norm": 9.081769943237305,
      "learning_rate": 9.812197092084007e-06,
      "loss": 17.7009,
      "step": 500
    },
    {
      "epoch": 4.484304932735426,
      "grad_norm": 9.864959716796875,
      "learning_rate": 8.802504038772213e-06,
      "loss": 1.6621,
      "step": 1000
    },
    {
      "epoch": 6.726457399103139,
      "grad_norm": 7.3730854988098145,
      "learning_rate": 7.792810985460421e-06,
      "loss": 1.4412,
      "step": 1500
    }
  ],
  "logging_steps": 500,
  "max_steps": 5352,
  "num_input_tokens_seen": 0,
  "num_train_epochs": 24,
  "save_steps": 400,
  "total_flos": 417156500608512.0,
  "train_batch_size": 4,
  "trial_name": null,
  "trial_params": null
}
